frame_type_single,count,share
modernization (positive),1958,9.028866549847828
modernization (negative),2779,12.814719173660427
patriotism (positive),2606,12.016969473392972
patriotism (negative),555,2.559254818777091
victimhood (positive),2187,10.084847366964862
victimhood (negative),13,0.05994650926865259
moral (positive),407,1.8767868671032
moral (negative),4087,18.846260260075624
economic (positive),249,1.1482062159918842
economic (negative),4038,18.62030803283224
diplomacy (positive),1201,5.53813520243475
diplomacy (negative),1606,7.405699529650465
