model,frame_name,positive,negative,net_positive,positive_share
gemma3:27b,modernization,1132,1910,-778,0.37212360289283364
gemma3:27b,patriotism,1130,99,1031,0.919446704637917
gemma3:27b,victimhood,1476,12,1464,0.9919354838709677
gemma3:27b,moral,327,2161,-1834,0.13143086816720256
gemma3:27b,economic,229,3192,-2963,0.06693949137679041
gemma3:27b,diplomacy,940,1237,-297,0.43178686265502986
qwen3.5:35b,modernization,826,869,-43,0.4873156342182891
qwen3.5:35b,patriotism,1476,456,1020,0.7639751552795031
qwen3.5:35b,victimhood,711,1,710,0.9985955056179775
qwen3.5:35b,moral,80,1926,-1846,0.03988035892323031
qwen3.5:35b,economic,20,846,-826,0.023094688221709007
qwen3.5:35b,diplomacy,261,369,-108,0.4142857142857143
